{
    "normals":[0.0814234,-0.976786,-0.198138,-0.0814234,0.976786,0.198138,0.992574,0.0974944,-0.0727393,0.0903682,-0.190744,0.977471,-0.992574,-0.0974945,0.0727394,-0.0903682,0.190744,-0.977471],
    "faces":[33,0,1,2,3,0,0,0,0,33,4,7,6,5,1,1,1,1,33,0,4,5,1,2,2,2,2,33,1,5,6,2,3,3,3,3,33,2,6,7,3,4,4,4,4,33,4,0,3,7,5,5,5,5],
    "uvs":[],
    "metadata":{
        "normals":6,
        "faces":6,
        "version":3,
        "uvs":0,
        "vertices":8,
        "generator":"io_three",
        "type":"Geometry"
    },
    "vertices":[0.983629,-0.688548,-1.24835,1.16437,-1.07004,0.706594,-0.820783,-1.26502,0.852073,-1.00152,-0.883537,-1.10287,0.820783,1.26502,-0.852073,1.00152,0.883537,1.10287,-0.98363,0.688548,1.24835,-1.16437,1.07004,-0.706594]
}